{"Modules":[{"Key":"","Source":"","Dir":"."},{"Key":"alb","Source":"./modules/alb","Dir":"modules/alb"},{"Key":"ec2","Source":"./modules/ec2","Dir":"modules/ec2"},{"Key":"gateway","Source":"./modules/ig","Dir":"modules/ig"},{"Key":"gw","Source":"./modules/ig","Dir":"modules/ig"},{"Key":"internet_gateway","Source":"./modules/ig","Dir":"modules/ig"},{"Key":"private_subnets","Source":"./modules/sub","Dir":"modules/sub"},{"Key":"public_subnets","Source":"./modules/sub","Dir":"modules/sub"},{"Key":"rds","Source":"./modules/rds","Dir":"modules/rds"},{"Key":"routetable","Source":"./modules/routetable","Dir":"modules/routetable"},{"Key":"subnetass","Source":"./modules/subnetassociation","Dir":"modules/subnetassociation"},{"Key":"subnetasso","Source":"./modules/subnetassociation","Dir":"modules/subnetassociation"},{"Key":"subnets","Source":"./modules/sub","Dir":"modules/sub"},{"Key":"vpc","Source":"./modules/vpc","Dir":"modules/vpc"}]}